Gene,SNP,correlation
GENE_077,rs10072,0.5417436769351359
GENE_060,rs10081,0.5220104006653318
GENE_075,rs10014,0.5154074751574957
